"Time_Iter","Outer_Iter","Inner_Iter",   "rms[A_Rho]"   ,   "rms[A_RhoU]"  ,   "rms[A_RhoV]"  ,   "rms[A_RhoW]"  ,    "rms[A_E]"    
          0,           0,           0,      -5.484975178,        -4.6175211,      -5.046170158,                 0,      -3.964927748
          0,           0,           1,      -4.485623662,      -3.832542688,      -3.786177722,                 0,      -4.135479669
          0,           0,           2,      -4.440680858,       -3.81019771,       -3.84223063,                 0,      -4.208584103
          0,           0,           3,      -4.530640269,      -3.908203923,      -3.924029733,                 0,      -4.300178468
          0,           0,           4,      -4.638678796,      -4.008901021,      -4.035251931,                 0,       -4.36141408
          0,           0,           5,      -4.656705339,      -4.032528045,      -4.070513331,                 0,      -4.390694525
          0,           0,           6,      -4.802045073,      -4.170185509,      -4.179945762,                 0,      -4.544719665
          0,           0,           7,      -4.850524931,      -4.222483458,      -4.208485954,                 0,        -4.5515754
          0,           0,           8,       -4.90249954,      -4.269095377,       -4.28119844,                 0,       -4.69468727
          0,           0,           9,      -4.995878503,      -4.341797142,      -4.380841988,                 0,      -4.725430318
          0,           0,          10,      -5.014259427,      -4.349216274,      -4.402885283,                 0,      -4.787934542
          0,           0,          11,      -5.086284268,      -4.427885705,      -4.491585005,                 0,      -4.893558587
          0,           0,          12,      -5.100353713,      -4.461494514,      -4.528384214,                 0,      -4.913715039
          0,           0,          13,      -5.144220564,      -4.497310153,      -4.580292227,                 0,      -5.041094921
          0,           0,          14,      -5.225691377,      -4.563321896,      -4.663493961,                 0,      -5.113268262
          0,           0,          15,      -5.239084578,      -4.584699748,      -4.699880394,                 0,      -5.207645449
          0,           0,          16,      -5.244823128,      -4.603518502,       -4.74740924,                 0,      -5.270253823
          0,           0,          17,      -5.270708595,      -4.632898875,      -4.787468777,                 0,      -5.358634478
          0,           0,          18,       -5.29543097,      -4.659683103,      -4.815467968,                 0,      -5.421681318
          0,           0,          19,      -5.313076901,      -4.678473334,      -4.835789422,                 0,       -5.45395842
          0,           0,          20,      -5.324879338,      -4.686683645,      -4.849495663,                 0,      -5.468662015
          0,           0,          21,       -5.33918174,       -4.69584499,      -4.867487044,                 0,      -5.480433732
          0,           0,          22,      -5.353429459,      -4.706476145,      -4.886925751,                 0,      -5.490569247
          0,           0,          23,      -5.367822498,      -4.716183501,      -4.909523054,                 0,      -5.504558624
          0,           0,          24,      -5.382755526,      -4.724822471,      -4.934552528,                 0,      -5.514545016
          0,           0,          25,      -5.398628321,      -4.735196558,      -4.959757889,                 0,      -5.530851892
          0,           0,          26,      -5.415489061,      -4.747791266,      -4.982729079,                 0,      -5.550649735
          0,           0,          27,      -5.433500464,      -4.760679048,      -5.005511309,                 0,       -5.57212946
          0,           0,          28,      -5.454278346,      -4.774233741,      -5.031577961,                 0,      -5.595853134
          0,           0,          29,      -5.478248761,      -4.789784855,      -5.058651232,                 0,      -5.621694152
          0,           0,          30,      -5.504915961,      -4.807765532,      -5.084029436,                 0,      -5.652473541
          0,           0,          31,      -5.534126712,      -4.827904456,      -5.109183124,                 0,       -5.68632899
          0,           0,          32,      -5.565603287,      -4.849669048,      -5.136249057,                 0,      -5.720587856
          0,           0,          33,      -5.599139247,      -4.873157245,       -5.16540181,                 0,       -5.75476024
          0,           0,          34,      -5.634423636,      -4.898714121,       -5.19567525,                 0,      -5.790483318
          0,           0,          35,      -5.670970961,      -4.926374595,      -5.226881367,                 0,      -5.828691583
          0,           0,          36,      -5.708206978,      -4.955914599,        -5.2594736,                 0,       -5.86820821
          0,           0,          37,      -5.745487223,      -4.987001591,      -5.293323224,                 0,      -5.907315978
          0,           0,          38,      -5.782307053,      -5.019444453,      -5.328040815,                 0,      -5.945978691
          0,           0,          39,       -5.81837116,      -5.053185695,      -5.363609471,                 0,      -5.985482978
          0,           0,          40,       -5.85359222,      -5.088140063,      -5.400152028,                 0,      -6.026570116
          0,           0,          41,      -5.888079305,      -5.124187706,      -5.437621252,                 0,      -6.069136724
          0,           0,          42,      -5.922040416,      -5.161249065,      -5.476017989,                 0,      -6.113296047
          0,           0,          43,      -5.955746018,      -5.199296962,      -5.515461527,                 0,      -6.159540899
          0,           0,          44,       -5.98947866,      -5.238275547,      -5.555868519,                 0,      -6.207140772
          0,           0,          45,       -6.02335107,      -5.278035907,      -5.597074103,                 0,      -6.253395071
          0,           0,          46,      -6.057397186,      -5.318410157,      -5.639091681,                 0,      -6.296553626
          0,           0,          47,      -6.091801181,      -5.359312906,      -5.681924788,                 0,      -6.337611617
          0,           0,          48,      -6.126787753,      -5.400718446,       -5.72560285,                 0,      -6.378298344
          0,           0,          49,      -6.162476776,         -5.442584,      -5.770089504,                 0,      -6.419258675
          0,           0,          50,      -6.198893145,      -5.484820708,      -5.815085567,                 0,      -6.460066314
          0,           0,          51,      -6.236043989,       -5.52731909,      -5.860065481,                 0,      -6.500130669
          0,           0,          52,      -6.273972663,      -5.569982546,      -5.904520107,                 0,      -6.539498103
          0,           0,          53,      -6.312745584,      -5.612726838,      -5.948202425,                 0,      -6.578762585
          0,           0,          54,      -6.352379017,      -5.655457561,      -5.991126523,                 0,      -6.618220699
          0,           0,          55,      -6.392765567,      -5.698058444,      -6.033403836,                 0,      -6.657567447
          0,           0,          56,      -6.433663122,      -5.740399672,      -6.075171185,                 0,      -6.696352201
          0,           0,          57,      -6.474757596,      -5.782356239,      -6.116593395,                 0,       -6.73435049
          0,           0,          58,        -6.5157544,      -5.823818102,      -6.157828447,                 0,      -6.771511779
          0,           0,          59,      -6.556446295,      -5.864690547,      -6.198987641,                 0,      -6.807800965
          0,           0,          60,       -6.59673297,      -5.904895007,      -6.240151901,                 0,      -6.843196095
          0,           0,          61,      -6.636592535,      -5.944372398,      -6.281405313,                 0,      -6.877750748
          0,           0,          62,      -6.676024886,      -5.983082729,      -6.322817526,                 0,      -6.911588925
          0,           0,          63,      -6.715005246,      -6.020998007,       -6.36439358,                 0,       -6.94486103
          0,           0,          64,      -6.753479481,       -6.05809242,      -6.406061592,                 0,      -6.977721232
          0,           0,          65,       -6.79139277,      -6.094333894,      -6.447709609,                 0,      -7.010311155
          0,           0,          66,         -6.828713,      -6.129678564,      -6.489219376,                 0,      -7.042707399
          0,           0,          67,      -6.865428356,      -6.164072119,      -6.530466091,                 0,      -7.074860541
          0,           0,          68,      -6.901530838,      -6.197462396,      -6.571305139,                 0,      -7.106596598
          0,           0,          69,      -6.936997187,      -6.229817101,      -6.611568628,                 0,      -7.137683235
          0,           0,          70,      -6.971769675,       -6.26113333,      -6.651072209,                 0,      -7.167903337
          0,           0,          71,      -7.005747684,      -6.291434358,      -6.689630888,                 0,      -7.197103335
          0,           0,          72,      -7.038801334,      -6.320760797,      -6.727081981,                 0,      -7.225219639
          0,           0,          73,      -7.070800901,      -6.349163847,      -6.763304496,                 0,      -7.252283364
          0,           0,          74,      -7.101645417,       -6.37670229,      -6.798225484,                 0,      -7.278395148
          0,           0,          75,      -7.131279883,      -6.403440854,      -6.831815239,                 0,      -7.303677217
          0,           0,          76,      -7.159700108,      -6.429447523,      -6.864079999,                 0,      -7.328228196
          0,           0,          77,      -7.186947989,      -6.454789457,      -6.895056669,                 0,      -7.352102445
          0,           0,          78,       -7.21309942,      -6.479528908,      -6.924805759,                 0,      -7.375315467
          0,           0,          79,        -7.2382467,      -6.503720481,      -6.953398162,                 0,      -7.397862249
          0,           0,          80,      -7.262479041,       -6.52740992,      -6.980900197,                 0,      -7.419735399
          0,           0,          81,       -7.28586593,       -6.55063353,      -7.007367031,                 0,      -7.440937091
          0,           0,          82,      -7.308447617,      -6.573417628,      -7.032849128,                 0,      -7.461484647
          0,           0,          83,      -7.330235626,       -6.59577834,       -7.05740582,                 0,      -7.481411561
          0,           0,          84,      -7.351223338,      -6.617722424,      -7.081115477,                 0,      -7.500765246
          0,           0,          85,      -7.371402167,      -6.639249147,      -7.104075825,                 0,      -7.519601809
          0,           0,          86,      -7.390775945,      -6.660352425,       -7.12639458,                 0,      -7.537977786
          0,           0,          87,      -7.409367621,      -6.681022056,      -7.148173777,                 0,      -7.555938646
          0,           0,          88,      -7.427216385,      -6.701243072,      -7.169490951,                 0,      -7.573503033
          0,           0,          89,      -7.444366653,      -6.720992529,      -7.190379301,                 0,      -7.590640477
          0,           0,          90,      -7.460852104,      -6.740233766,      -7.210809673,                 0,      -7.607242187
          0,           0,          91,      -7.476680112,      -6.758910029,      -7.230681174,                 0,      -7.623094866
          0,           0,          92,      -7.491825521,      -6.776942973,       -7.24983293,                 0,      -7.637886963
          0,           0,          93,      -7.506244077,      -6.794244016,       -7.26808691,                 0,       -7.65128436
          0,           0,          94,      -7.519905574,      -6.810740291,      -7.285308943,                 0,       -7.66306707
          0,           0,          95,      -7.532826974,      -6.826402227,      -7.301449253,                 0,      -7.673236542
          0,           0,          96,      -7.545082086,      -6.841254855,      -7.316538851,                 0,      -7.682007526
          0,           0,          97,      -7.556786761,      -6.855370188,      -7.330663825,                 0,      -7.689715538
          0,           0,          98,      -7.568075928,       -6.86885166,      -7.343950541,                 0,      -7.696730076
          0,           0,          99,      -7.579083998,      -6.881818788,      -7.356563996,                 0,      -7.703404956
          0,           0,         100,      -7.589930588,      -6.894393022,      -7.368699082,                 0,      -7.710043576
          0,           0,         101,      -7.600711401,      -6.906685033,      -7.380554771,                 0,      -7.716867739
          0,           0,         102,      -7.611494788,      -6.918785601,      -7.392303108,                 0,      -7.724002382
          0,           0,         103,      -7.622323313,      -6.930761692,      -7.404069759,                 0,      -7.731484453
          0,           0,         104,      -7.633218077,      -6.942657102,        -7.4159314,                 0,      -7.739288592
          0,           0,         105,      -7.644183863,      -6.954495904,      -7.427924156,                 0,       -7.74735702
          0,           0,         106,      -7.655214135,      -6.966287017,       -7.44005463,                 0,      -7.755624631
          0,           0,         107,      -7.666295405,      -6.978028709,      -7.452308364,                 0,      -7.764034608
          0,           0,         108,      -7.677410598,      -6.989712361,      -7.464655284,                 0,      -7.772543688
          0,           0,         109,      -7.688541258,      -7.001325308,      -7.477054234,                 0,      -7.781120213
          0,           0,         110,      -7.699668868,      -7.012852988,      -7.489458223,                 0,      -7.789740119
          0,           0,         111,      -7.710775713,      -7.024280649,      -7.501820028,                 0,       -7.79838431
          0,           0,         112,      -7.721845517,      -7.035594687,      -7.514096894,                 0,      -7.807037591
          0,           0,         113,      -7.732863953,      -7.046783585,      -7.526253549,                 0,      -7.815687965
          0,           0,         114,      -7.743819048,      -7.057838487,      -7.538263694,                 0,      -7.824325947
          0,           0,         115,      -7.754701577,      -7.068753544,      -7.550110298,                 0,      -7.832944435
          0,           0,         116,      -7.765505427,      -7.079526151,       -7.56178486,                 0,      -7.841539289
          0,           0,         117,      -7.776227849,      -7.090157055,      -7.573285801,                 0,       -7.85010991
          0,           0,         118,      -7.786869479,      -7.100650255,      -7.584616438,                 0,      -7.858659103
          0,           0,         119,      -7.797434133,       -7.11101266,      -7.595783141,                 0,       -7.86719219
          0,           0,         120,      -7.807928389,      -7.121253544,      -7.606794076,                 0,       -7.87571587
          0,           0,         121,      -7.818361039,      -7.131383895,      -7.617658538,                 0,      -7.884237289
          0,           0,         122,      -7.828742469,      -7.141415744,      -7.628386698,                 0,      -7.892763432
          0,           0,         123,      -7.839084034,      -7.151361549,      -7.638989516,                 0,      -7.901300761
          0,           0,         124,      -7.849397472,      -7.161233697,      -7.649478651,                 0,      -7.909855011
          0,           0,         125,      -7.859694414,      -7.171044125,      -7.659866273,                 0,      -7.918431112
          0,           0,         126,      -7.869986012,      -7.180804081,      -7.670164729,                 0,      -7.927033223
          0,           0,         127,      -7.880282714,      -7.190523991,       -7.68038611,                 0,      -7.935664844
          0,           0,         128,      -7.890594162,      -7.200213423,      -7.690541834,                 0,      -7.944328986
          0,           0,         129,      -7.900929186,      -7.209881104,      -7.700642328,                 0,      -7.953028327
          0,           0,         130,      -7.911295842,      -7.219534957,      -7.710696905,                 0,      -7.961765314
          0,           0,         131,      -7.921701464,      -7.229182145,      -7.720713814,                 0,      -7.970542213
          0,           0,         132,      -7.932152708,      -7.238829099,      -7.730700419,                 0,      -7.979361098
          0,           0,         133,      -7.942655584,      -7.248481544,      -7.740663414,                 0,      -7.988223847
          0,           0,         134,      -7.953215469,      -7.258144524,      -7.750609005,                 0,      -7.997132125
          0,           0,         135,      -7.963837115,      -7.267822422,      -7.760543016,                 0,      -8.006087374
          0,           0,         136,      -7.974524663,         -7.277519,      -7.770470915,                 0,      -8.015090788
          0,           0,         137,       -7.98528166,      -7.287237439,      -7.780397796,                 0,      -8.024143311
          0,           0,         138,      -7.996111093,      -7.296980394,       -7.79032834,                 0,      -8.033245638
          0,           0,         139,      -8.007015445,      -7.306750067,      -7.800266769,                 0,      -8.042398253
          0,           0,         140,      -8.017996752,      -7.316548273,      -7.810216824,                 0,      -8.051601469
          0,           0,         141,      -8.029056673,      -7.326376514,      -7.820181755,                 0,      -8.060855472
          0,           0,         142,      -8.040196555,      -7.336236044,       -7.83016434,                 0,      -8.070160359
          0,           0,         143,      -8.051417492,      -7.346127923,      -7.840166926,                 0,      -8.079516172
          0,           0,         144,      -8.062720376,      -7.356053063,      -7.850191492,                 0,      -8.088922919
          0,           0,         145,      -8.074105936,      -7.366012267,      -7.860239709,                 0,      -8.098380598
          0,           0,         146,      -8.085574772,       -7.37600625,      -7.870313004,                 0,        -8.1078892
          0,           0,         147,       -8.09712738,      -7.386035666,      -7.880412613,                 0,      -8.117448717
          0,           0,         148,      -8.108764168,      -7.396101116,      -7.890539625,                 0,      -8.127059134
          0,           0,         149,      -8.120485474,      -7.406203161,      -7.900695017,                 0,      -8.136720424
          0,           0,         150,      -8.132291575,       -7.41634233,      -7.910879681,                 0,      -8.146432544
          0,           0,         151,      -8.144182694,      -7.426519125,      -7.921094441,                 0,       -8.15619543
          0,           0,         152,      -8.156159012,      -7.436734021,      -7.931340074,                 0,      -8.166008998
          0,           0,         153,      -8.168220661,      -7.446987476,      -7.941617319,                 0,      -8.175873141
          0,           0,         154,      -8.180367733,      -7.457279924,      -7.951926891,                 0,      -8.185787732
          0,           0,         155,      -8.192600276,      -7.467611781,      -7.962269488,                 0,      -8.195752622
          0,           0,         156,      -8.204918293,      -7.477983447,      -7.972645799,                 0,      -8.205767647
          0,           0,         157,      -8.217321739,      -7.488395299,      -7.983056504,                 0,      -8.215832628
          0,           0,         158,      -8.229810521,      -7.498847701,      -7.993502277,                 0,      -8.225947372
          0,           0,         159,      -8.242384493,      -7.509340994,      -8.003983781,                 0,      -8.236111676
          0,           0,         160,      -8.255043456,      -7.519875503,       -8.01450167,                 0,      -8.246325323
          0,           0,         161,      -8.267787156,      -7.530451534,       -8.02505658,                 0,      -8.256588089
          0,           0,         162,      -8.280615281,      -7.541069372,      -8.035649129,                 0,       -8.26689974
          0,           0,         163,      -8.293527461,      -7.551729284,      -8.046279909,                 0,      -8.277260034
          0,           0,         164,      -8.306523267,      -7.562431516,       -8.05694948,                 0,      -8.287668725
          0,           0,         165,      -8.319602211,      -7.573176295,      -8.067658374,                 0,      -8.298125561
          0,           0,         166,      -8.332763747,      -7.583963827,      -8.078407083,                 0,      -8.308630287
          0,           0,         167,      -8.346007269,      -7.594794299,      -8.089196062,                 0,      -8.319182647
          0,           0,         168,      -8.359332118,      -7.605667881,      -8.100025725,                 0,      -8.329782388
          0,           0,         169,      -8.372737581,      -7.616584725,      -8.110896445,                 0,      -8.340429256
          0,           0,         170,      -8.386222896,      -7.627544966,      -8.121808552,                 0,         -8.351123
          0,           0,         171,      -8.399787252,      -7.638548724,      -8.132762338,                 0,      -8.361863373
          0,           0,         172,      -8.413429797,      -7.649596105,      -8.143758054,                 0,      -8.372650133
          0,           0,         173,      -8.427149638,      -7.660687203,      -8.154795914,                 0,      -8.383483039
          0,           0,         174,      -8.440945844,      -7.671822099,      -8.165876097,                 0,      -8.394361857
          0,           0,         175,      -8.454817451,      -7.683000866,      -8.176998751,                 0,      -8.405286355
          0,           0,         176,      -8.468763461,      -7.694223564,      -8.188163992,                 0,      -8.416256307
          0,           0,         177,      -8.482782849,      -7.705490248,       -8.19937191,                 0,      -8.427271492
          0,           0,         178,      -8.496874557,      -7.716800965,      -8.210622568,                 0,      -8.438331694
          0,           0,         179,      -8.511037504,      -7.728155757,      -8.221916002,                 0,      -8.449436702
          0,           0,         180,      -8.525270581,      -7.739554661,      -8.233252227,                 0,      -8.460586313
          0,           0,         181,      -8.539572655,      -7.750997709,      -8.244631234,                 0,       -8.47178033
          0,           0,         182,       -8.55394257,      -7.762484932,      -8.256052989,                 0,      -8.483018564
          0,           0,         183,       -8.56837915,      -7.774016358,      -8.267517437,                 0,      -8.494300833
          0,           0,         184,      -8.582881196,       -7.78559201,      -8.279024503,                 0,      -8.505626965
          0,           0,         185,      -8.597447493,      -7.797211913,      -8.290574088,                 0,      -8.516996793
          0,           0,         186,      -8.612076809,      -7.808876088,      -8.302166073,                 0,      -8.528410161
          0,           0,         187,      -8.626767895,      -7.820584553,       -8.31380032,                 0,      -8.539866919
          0,           0,         188,      -8.641519488,      -7.832337324,      -8.325476673,                 0,      -8.551366924
          0,           0,         189,      -8.656330311,      -7.844134414,      -8.337194956,                 0,      -8.562910041
          0,           0,         190,      -8.671199072,      -7.855975833,      -8.348954976,                 0,      -8.574496141
          0,           0,         191,      -8.686124466,      -7.867861583,      -8.360756525,                 0,      -8.586125098
          0,           0,         192,      -8.701105169,      -7.879791664,      -8.372599374,                 0,      -8.597796793
          0,           0,         193,      -8.716139843,      -7.891766068,      -8.384483284,                 0,      -8.609511108
          0,           0,         194,      -8.731227128,       -7.90378478,      -8.396407995,                 0,      -8.621267929
          0,           0,         195,      -8.746365642,      -7.915847776,      -8.408373234,                 0,      -8.633067143
          0,           0,         196,      -8.761553982,      -7.927955025,       -8.42037871,                 0,      -8.644908637
          0,           0,         197,      -8.776790714,      -7.940106482,      -8.432424118,                 0,      -8.656792299
          0,           0,         198,       -8.79207438,      -7.952302093,      -8.444509137,                 0,      -8.668718015
          0,           0,         199,      -8.807403487,      -7.964541792,      -8.456633429,                 0,      -8.680685669
          0,           0,         200,      -8.822776511,      -7.976825498,       -8.46879664,                 0,      -8.692695144
          0,           0,         201,      -8.838191893,      -7.989153116,      -8.480998402,                 0,      -8.704746321
          0,           0,         202,      -8.853648038,      -8.001524538,      -8.493238332,                 0,      -8.716839077
          0,           0,         203,      -8.869143312,      -8.013939637,      -8.505516031,                 0,      -8.728973285
          0,           0,         204,      -8.884676042,      -8.026398272,      -8.517831086,                 0,      -8.741148817
          0,           0,         205,      -8.900244515,      -8.038900283,      -8.530183069,                 0,      -8.753365539
          0,           0,         206,      -8.915846975,      -8.051445493,      -8.542571542,                 0,      -8.765623314
          0,           0,         207,      -8.931481622,      -8.064033705,      -8.554996051,                 0,         -8.777922
          0,           0,         208,      -8.947146613,      -8.076664704,      -8.567456131,                 0,      -8.790261455
          0,           0,         209,      -8.962840057,      -8.089338257,      -8.579951306,                 0,      -8.802641528
          0,           0,         210,      -8.978560016,      -8.102054107,      -8.592481089,                 0,      -8.815062068
          0,           0,         211,      -8.994304504,      -8.114811981,      -8.605044984,                 0,      -8.827522919
          0,           0,         212,      -9.010071484,      -8.127611584,      -8.617642484,                 0,      -8.840023921
          0,           0,         213,      -9.025858871,      -8.140452599,      -8.630273075,                 0,      -8.852564912
          0,           0,         214,      -9.041664528,      -8.153334692,      -8.642936235,                 0,      -8.865145728
          0,           0,         215,      -9.057486265,      -8.166257505,      -8.655631436,                 0,      -8.877766201
          0,           0,         216,      -9.073321847,      -8.179220661,      -8.668358143,                 0,      -8.890426161
          0,           0,         217,      -9.089168983,      -8.192223764,      -8.681115816,                 0,      -8.903125439
          0,           0,         218,       -9.10502534,      -8.205266393,      -8.693903909,                 0,      -8.915863861
          0,           0,         219,      -9.120888531,      -8.218348113,      -8.706721874,                 0,      -8.928641255
          0,           0,         220,      -9.136756131,      -8.231468464,      -8.719569158,                 0,      -8.941457449
          0,           0,         221,      -9.152625667,      -8.244626967,      -8.732445205,                 0,       -8.95431227
          0,           0,         222,       -9.16849463,      -8.257823126,      -8.745349458,                 0,      -8.967205545
          0,           0,         223,      -9.184360472,      -8.271056424,      -8.758281355,                 0,      -8.980137103
          0,           0,         224,      -9.200220614,      -8.284326323,      -8.771240333,                 0,      -8.993106774
          0,           0,         225,      -9.216072446,      -8.297632267,      -8.784225827,                 0,      -9.006114388
          0,           0,         226,      -9.231913337,      -8.310973684,      -8.797237271,                 0,      -9.019159776
          0,           0,         227,      -9.247740631,      -8.324349979,      -8.810274094,                 0,      -9.032242771
          0,           0,         228,      -9.263551661,      -8.337760541,      -8.823335726,                 0,      -9.045363205
          0,           0,         229,      -9.279343749,       -8.35120474,      -8.836421592,                 0,      -9.058520911
          0,           0,         230,      -9.295114213,      -8.364681928,      -8.849531114,                 0,       -9.07171572
          0,           0,         231,      -9.310860371,      -8.378191439,      -8.862663709,                 0,      -9.084947461
          0,           0,         232,       -9.32657955,      -8.391732586,      -8.875818792,                 0,      -9.098215962
          0,           0,         233,      -9.342269093,      -8.405304669,      -8.888995768,                 0,      -9.111521043
          0,           0,         234,      -9.357926362,      -8.418906965,      -8.902194038,                 0,       -9.12486252
          0,           0,         235,      -9.373548746,      -8.432538735,       -8.91541299,                 0,      -9.138240198
          0,           0,         236,      -9.389133669,       -8.44619922,      -8.928652005,                 0,      -9.151653872
          0,           0,         237,      -9.404678596,      -8.459887644,      -8.941910449,                 0,      -9.165103323
          0,           0,         238,      -9.420181041,      -8.473603209,      -8.955187674,                 0,      -9.178588315
          0,           0,         239,       -9.43563857,      -8.487345101,      -8.968483015,                 0,      -9.192108589
          0,           0,         240,      -9.451048813,      -8.501112483,      -8.981795788,                 0,      -9.205663862
          0,           0,         241,      -9.466409465,      -8.514904497,      -8.995125286,                 0,      -9.219253825
          0,           0,         242,      -9.481718293,      -8.528720267,      -9.008470779,                 0,      -9.232878132
          0,           0,         243,      -9.496973144,      -8.542558893,      -9.021831509,                 0,        -9.2465364
          0,           0,         244,      -9.512171946,      -8.556419452,      -9.035206687,                 0,      -9.260228204
          0,           0,         245,      -9.527312714,         -8.570301,      -9.048595495,                 0,      -9.273953071
          0,           0,         246,      -9.542393555,      -8.584202566,      -9.061997077,                 0,      -9.287710476
          0,           0,         247,      -9.557412669,      -8.598123158,      -9.075410541,                 0,      -9.301499836
          0,           0,         248,       -9.57236835,      -8.612061753,      -9.088834959,                 0,      -9.315320507
          0,           0,         249,      -9.587258992,      -8.626017308,      -9.102269359,                 0,      -9.329171777
          0,           0,         250,      -9.602083088,      -8.639988747,       -9.11571273,                 0,      -9.343052866
          0,           0,         251,      -9.616839228,      -8.653974971,      -9.129164017,                 0,      -9.356962919
          0,           0,         252,      -9.631526104,      -8.667974849,      -9.142622125,                 0,      -9.370901005
          0,           0,         253,      -9.646142506,      -8.681987224,      -9.156085914,                 0,      -9.384866116
          0,           0,         254,      -9.660687323,      -8.696010908,      -9.169554205,                 0,      -9.398857161
          0,           0,         255,      -9.675159541,      -8.710044683,      -9.183025779,                 0,      -9.412872972
          0,           0,         256,      -9.689558243,      -8.724087302,      -9.196499378,                 0,      -9.426912297
          0,           0,         257,      -9.703882608,       -8.73813749,       -9.20997371,                 0,       -9.44097381
          0,           0,         258,      -9.718131907,      -8.752193941,      -9.223447451,                 0,      -9.455056101
          0,           0,         259,      -9.732305505,       -8.76625532,      -9.236919248,                 0,      -9.469157692
          0,           0,         260,       -9.74640286,      -8.780320265,      -9.250387723,                 0,      -9.483277028
          0,           0,         261,       -9.76042352,      -8.794387384,      -9.263851478,                 0,       -9.49741249
          0,           0,         262,      -9.774367122,      -8.808455261,        -9.2773091,                 0,      -9.511562395
          0,           0,         263,      -9.788233397,      -8.822522454,      -9.290759161,                 0,      -9.525725003
          0,           0,         264,      -9.802022161,      -8.836587495,       -9.30420023,                 0,      -9.539898518
          0,           0,         265,      -9.815733325,      -8.850648895,      -9.317630872,                 0,      -9.554081101
          0,           0,         266,      -9.829366888,      -8.864705145,      -9.331049654,                 0,      -9.568270867
          0,           0,         267,      -9.842922941,      -8.878754713,       -9.34445515,                 0,      -9.582465896
          0,           0,         268,      -9.856401668,      -8.892796052,      -9.357845947,                 0,       -9.59666424
          0,           0,         269,      -9.869803343,        -8.9068276,      -9.371220646,                 0,       -9.61086392
          0,           0,         270,      -9.883128335,      -8.920847779,      -9.384577867,                 0,      -9.625062942
          0,           0,         271,      -9.896377108,      -8.934855003,      -9.397916255,                 0,      -9.639259293
          0,           0,         272,      -9.909550216,      -8.948847675,      -9.411234482,                 0,      -9.653450952
          0,           0,         273,      -9.922648312,      -8.962824192,      -9.424531247,                 0,      -9.667635894
          0,           0,         274,      -9.935672138,      -8.976782948,      -9.437805287,                 0,      -9.681812091
          0,           0,         275,      -9.948622531,      -8.990722337,      -9.451055372,                 0,      -9.695977519
          0,           0,         276,      -9.961500419,      -9.004640752,       -9.46428031,                 0,      -9.710130164
          0,           0,         277,      -9.974306821,      -9.018536594,      -9.477478953,                 0,      -9.724268023
          0,           0,         278,      -9.987042841,      -9.032408271,      -9.490650193,                 0,      -9.738389112
          0,           0,         279,      -9.999709669,      -9.046254202,      -9.503792967,                 0,      -9.752491465
          0,           0,         280,      -10.01230858,      -9.060072818,      -9.516906258,                 0,      -9.766573142
          0,           0,         281,      -10.02484091,      -9.073862572,      -9.529989098,                 0,      -9.780632231
          0,           0,         282,      -10.03730808,      -9.087621933,      -9.543040564,                 0,      -9.794666853
          0,           0,         283,       -10.0497116,      -9.101349396,      -9.556059785,                 0,      -9.808675163
          0,           0,         284,      -10.06205299,      -9.115043485,      -9.569045936,                 0,      -9.822655357
          0,           0,         285,      -10.07433389,      -9.128702752,      -9.581998245,                 0,      -9.836605673
          0,           0,         286,      -10.08655593,      -9.142325783,      -9.594915988,                 0,      -9.850524393
          0,           0,         287,      -10.09872083,      -9.155911202,      -9.607798493,                 0,      -9.864409851
          0,           0,         288,      -10.11083034,      -9.169457673,      -9.620645136,                 0,      -9.878260429
          0,           0,         289,      -10.12288622,      -9.182963904,      -9.633455345,                 0,      -9.892074568
          0,           0,         290,      -10.13489029,      -9.196428647,      -9.646228597,                 0,      -9.905850762
          0,           0,         291,      -10.14684437,      -9.209850705,       -9.65896442,                 0,      -9.919587568
          0,           0,         292,       -10.1587503,      -9.223228933,      -9.671662392,                 0,      -9.933283605
          0,           0,         293,      -10.17060992,      -9.236562241,      -9.684322138,                 0,      -9.946937554
          0,           0,         294,      -10.18242509,      -9.249849596,      -9.696943335,                 0,      -9.960548166
          0,           0,         295,      -10.19419766,      -9.263090026,      -9.709525709,                 0,      -9.974114258
          0,           0,         296,      -10.20592946,      -9.276282618,      -9.722069034,                 0,      -9.987634719
          0,           0,         297,      -10.21762233,      -9.289426526,      -9.734573133,                 0,      -10.00110851
          0,           0,         298,      -10.22927806,      -9.302520971,      -9.747037878,                 0,      -10.01453466
          0,           0,         299,      -10.24089845,      -9.315565238,      -9.759463187,                 0,      -10.02791228
          0,           0,         300,      -10.25248524,      -9.328558686,      -9.771849026,                 0,      -10.04124055
          0,           0,         301,      -10.26404018,      -9.341500741,       -9.78419541,                 0,      -10.05451873
          0,           0,         302,      -10.27556493,      -9.354390903,      -9.796502398,                 0,      -10.06774615
          0,           0,         303,      -10.28706117,      -9.367228744,      -9.808770095,                 0,      -10.08092222
          0,           0,         304,      -10.29853049,      -9.380013909,      -9.820998653,                 0,      -10.09404644
          0,           0,         305,      -10.30997447,      -9.392746116,      -9.833188267,                 0,      -10.10711837
          0,           0,         306,      -10.32139461,      -9.405425157,      -9.845339175,                 0,      -10.12013765
          0,           0,         307,       -10.3327924,      -9.418050899,      -9.857451658,                 0,      -10.13310399
          0,           0,         308,      -10.34416924,      -9.430623279,      -9.869526039,                 0,      -10.14601718
          0,           0,         309,       -10.3555265,      -9.443142309,      -9.881562682,                 0,       -10.1588771
          0,           0,         310,       -10.3668655,      -9.455608071,      -9.893561989,                 0,      -10.17168367
          0,           0,         311,      -10.37818749,      -9.468020718,      -9.905524399,                 0,      -10.18443691
          0,           0,         312,      -10.38949366,      -9.480380472,      -9.917450391,                 0,       -10.1971369
          0,           0,         313,      -10.40078517,      -9.492687623,      -9.929340475,                 0,      -10.20978378
          0,           0,         314,      -10.41206311,      -9.504942524,      -9.941195197,                 0,      -10.22237777
          0,           0,         315,       -10.4233285,      -9.517145594,      -9.953015136,                 0,      -10.23491915
          0,           0,         316,      -10.43458233,      -9.529297314,      -9.964800899,                 0,      -10.24740825
          0,           0,         317,      -10.44582551,      -9.541398223,      -9.976553121,                 0,      -10.25984548
          0,           0,         318,      -10.45705891,      -9.553448916,      -9.988272468,                 0,      -10.27223129
          0,           0,         319,      -10.46828336,      -9.565450044,      -9.999959626,                 0,      -10.28456621
          0,           0,         320,       -10.4794996,      -9.577402309,      -10.01161531,                 0,      -10.29685078
          0,           0,         321,      -10.49070835,      -9.589306462,      -10.02324025,                 0,      -10.30908564
          0,           0,         322,      -10.50191029,      -9.601163298,      -10.03483519,                 0,      -10.32127144
          0,           0,         323,      -10.51310601,      -9.612973658,      -10.04640092,                 0,       -10.3334089
          0,           0,         324,      -10.52429609,      -9.624738421,      -10.05793821,                 0,      -10.34549876
          0,           0,         325,      -10.53548106,      -9.636458505,      -10.06944786,                 0,      -10.35754181
          0,           0,         326,      -10.54666141,      -9.648134861,      -10.08093069,                 0,      -10.36953889
          0,           0,         327,      -10.55783757,      -9.659768471,      -10.09238751,                 0,      -10.38149086
          0,           0,         328,      -10.56900995,      -9.671360348,      -10.10381916,                 0,      -10.39339861
          0,           0,         329,      -10.58017894,      -9.682911526,      -10.11522648,                 0,      -10.40526306
          0,           0,         330,      -10.59134486,      -9.694423066,       -10.1266103,                 0,      -10.41708516
          0,           0,         331,      -10.60250802,      -9.705896048,      -10.13797148,                 0,      -10.42886588
          0,           0,         332,      -10.61366872,      -9.717331566,      -10.14931086,                 0,      -10.44060623
          0,           0,         333,      -10.62482719,      -9.728730733,      -10.16062928,                 0,       -10.4523072
          0,           0,         334,      -10.63598367,      -9.740094671,      -10.17192761,                 0,      -10.46396984
          0,           0,         335,      -10.64713837,      -9.751424512,      -10.18320667,                 0,      -10.47559519
          0,           0,         336,      -10.65829147,      -9.762721397,      -10.19446732,                 0,      -10.48718429
          0,           0,         337,      -10.66944315,      -9.773986469,      -10.20571038,                 0,      -10.49873822
          0,           0,         338,      -10.68059356,      -9.785220876,       -10.2169367,                 0,      -10.51025806
          0,           0,         339,      -10.69174284,      -9.796425765,      -10.22814708,                 0,      -10.52174487
          0,           0,         340,      -10.70289111,      -9.807602282,      -10.23934236,                 0,      -10.53319974
          0,           0,         341,      -10.71403849,       -9.81875157,      -10.25052332,                 0,      -10.54462376
          0,           0,         342,       -10.7251851,      -9.829874767,      -10.26169078,                 0,      -10.55601801
          0,           0,         343,      -10.73633102,      -9.840973003,      -10.27284551,                 0,      -10.56738357
          0,           0,         344,      -10.74747636,      -9.852047402,      -10.28398828,                 0,      -10.57872152
          0,           0,         345,      -10.75862121,      -9.863099077,      -10.29511987,                 0,      -10.59003294
          0,           0,         346,      -10.76976564,      -9.874129129,      -10.30624101,                 0,       -10.6013189
          0,           0,         347,      -10.78090975,      -9.885138648,      -10.31735244,                 0,      -10.61258045
          0,           0,         348,      -10.79205361,       -9.89612871,      -10.32845488,                 0,      -10.62381865
          0,           0,         349,      -10.80319732,      -9.907100376,      -10.33954904,                 0,      -10.63503455
          0,           0,         350,      -10.81434094,      -9.918054692,      -10.35063561,                 0,      -10.64622917
          0,           0,         351,      -10.82548456,      -9.928992688,      -10.36171526,                 0,      -10.65740353
          0,           0,         352,      -10.83662827,      -9.939915377,      -10.37278865,                 0,      -10.66855864
          0,           0,         353,      -10.84777216,      -9.950823751,      -10.38385643,                 0,       -10.6796955
          0,           0,         354,       -10.8589163,      -9.961718788,      -10.39491923,                 0,      -10.69081507
          0,           0,         355,       -10.8700608,      -9.972601445,      -10.40597765,                 0,      -10.70191833
          0,           0,         356,      -10.88120576,      -9.983472658,       -10.4170323,                 0,      -10.71300622
          0,           0,         357,      -10.89235126,      -9.994333345,      -10.42808375,                 0,      -10.72407966
          0,           0,         358,      -10.90349741,       -10.0051844,      -10.43913256,                 0,      -10.73513959
          0,           0,         359,      -10.91464433,      -10.01602671,      -10.45017928,                 0,      -10.74618687
          0,           0,         360,      -10.92579212,      -10.02686112,      -10.46122444,                 0,      -10.75722241
          0,           0,         361,      -10.93694089,      -10.03768847,      -10.47226855,                 0,      -10.76824704
          0,           0,         362,      -10.94809077,      -10.04850957,       -10.4833121,                 0,      -10.77926162
          0,           0,         363,      -10.95924187,      -10.05932521,      -10.49435558,                 0,      -10.79026697
          0,           0,         364,      -10.97039433,      -10.07013617,      -10.50539945,                 0,      -10.80126388
          0,           0,         365,      -10.98154827,       -10.0809432,      -10.51644415,                 0,      -10.81225314
          0,           0,         366,      -10.99270382,      -10.09174702,      -10.52749012,                 0,      -10.82323551
          0,           0,         367,      -11.00386113,      -10.10254834,      -10.53853777,                 0,      -10.83421174
          0,           0,         368,      -11.01502033,      -10.11334786,       -10.5495875,                 0,      -10.84518254
          0,           0,         369,      -11.02618156,      -10.12414623,      -10.56063969,                 0,      -10.85614863
          0,           0,         370,      -11.03734496,      -10.13494411,      -10.57169472,                 0,      -10.86711068
          0,           0,         371,      -11.04851069,      -10.14574212,      -10.58275293,                 0,      -10.87806937
          0,           0,         372,      -11.05967888,      -10.15654086,      -10.59381467,                 0,      -10.88902533
          0,           0,         373,       -11.0708497,      -10.16734093,      -10.60488025,                 0,       -10.8999792
          0,           0,         374,      -11.08202328,      -10.17814288,      -10.61594999,                 0,      -10.91093158
          0,           0,         375,      -11.09319978,      -10.18894727,      -10.62702419,                 0,      -10.92188305
          0,           0,         376,      -11.10437934,      -10.19975461,      -10.63810312,                 0,      -10.93283419
          0,           0,         377,      -11.11556213,      -10.21056543,      -10.64918705,                 0,      -10.94378554
          0,           0,         378,      -11.12674828,      -10.22138021,      -10.66027624,                 0,      -10.95473764
          0,           0,         379,      -11.13793795,      -10.23219942,      -10.67137092,                 0,        -10.965691
          0,           0,         380,      -11.14913129,      -10.24302352,      -10.68247134,                 0,      -10.97664611
          0,           0,         381,      -11.16032845,      -10.25385294,      -10.69357771,                 0,      -10.98760345
          0,           0,         382,      -11.17152956,       -10.2646881,      -10.70469022,                 0,      -10.99856348
          0,           0,         383,      -11.18273477,      -10.27552941,      -10.71580908,                 0,      -11.00952663
          0,           0,         384,      -11.19394423,      -10.28637725,      -10.72693446,                 0,      -11.02049334
          0,           0,         385,      -11.20515807,      -10.29723199,      -10.73806653,                 0,      -11.03146401
          0,           0,         386,      -11.21637643,      -10.30809398,      -10.74920546,                 0,      -11.04243902
          0,           0,         387,      -11.22759944,      -10.31896357,      -10.76035139,                 0,      -11.05341877
          0,           0,         388,      -11.23882722,      -10.32984107,      -10.77150446,                 0,      -11.06440359
          0,           0,         389,      -11.25005991,      -10.34072679,       -10.7826648,                 0,      -11.07539383
          0,           0,         390,      -11.26129763,      -10.35162102,      -10.79383252,                 0,      -11.08638983
          0,           0,         391,      -11.27254049,      -10.36252404,      -10.80500773,                 0,      -11.09739189
          0,           0,         392,       -11.2837886,      -10.37343612,      -10.81619053,                 0,       -11.1084003
          0,           0,         393,      -11.29504207,      -10.38435751,      -10.82738101,                 0,      -11.11941535
          0,           0,         394,      -11.30630101,      -10.39528843,      -10.83857925,                 0,      -11.13043731
          0,           0,         395,      -11.31756552,      -10.40622912,      -10.84978532,                 0,      -11.14146643
          0,           0,         396,      -11.32883569,      -10.41717979,      -10.86099929,                 0,      -11.15250294
          0,           0,         397,       -11.3401116,      -10.42814062,      -10.87222121,                 0,      -11.16354708
          0,           0,         398,      -11.35139334,      -10.43911181,      -10.88345112,                 0,      -11.17459906
          0,           0,         399,      -11.36268099,      -10.45009353,      -10.89468907,                 0,      -11.18565907
          0,           0,         400,      -11.37397461,      -10.46108594,      -10.90593509,                 0,       -11.1967273
          0,           0,         401,      -11.38527428,      -10.47208919,       -10.9171892,                 0,      -11.20780393
          0,           0,         402,      -11.39658006,      -10.48310341,      -10.92845142,                 0,      -11.21888913
          0,           0,         403,        -11.407892,      -10.49412873,      -10.93972176,                 0,      -11.22998303
          0,           0,         404,      -11.41921015,      -10.50516526,      -10.95100022,                 0,      -11.24108578
          0,           0,         405,      -11.43053456,      -10.51621312,      -10.96228681,                 0,      -11.25219751
          0,           0,         406,      -11.44186525,      -10.52727238,      -10.97358151,                 0,      -11.26331834
          0,           0,         407,      -11.45320227,      -10.53834315,       -10.9848843,                 0,      -11.27444836
          0,           0,         408,      -11.46454563,      -10.54942548,      -10.99619518,                 0,      -11.28558769
          0,           0,         409,      -11.47589536,      -10.56051945,       -11.0075141,                 0,      -11.29673639
          0,           0,         410,      -11.48725148,      -10.57162511,      -11.01884105,                 0,      -11.30789456
          0,           0,         411,      -11.49861398,      -10.58274249,      -11.03017597,                 0,      -11.31906224
          0,           0,         412,      -11.50998288,      -10.59387164,      -11.04151884,                 0,      -11.33023951
          0,           0,         413,      -11.52135816,      -10.60501259,      -11.05286959,                 0,       -11.3414264
          0,           0,         414,      -11.53273983,      -10.61616534,      -11.06422819,                 0,      -11.35262296
          0,           0,         415,      -11.54412786,      -10.62732991,      -11.07559457,                 0,      -11.36382921
          0,           0,         416,      -11.55552224,       -10.6385063,      -11.08696867,                 0,      -11.37504518
          0,           0,         417,      -11.56692294,      -10.64969449,      -11.09835042,                 0,      -11.38627087
          0,           0,         418,      -11.57832993,      -10.66089448,      -11.10973976,                 0,       -11.3975063
          0,           0,         419,      -11.58974317,      -10.67210624,       -11.1211366,                 0,      -11.40875145
          0,           0,         420,      -11.60116263,      -10.68332973,      -11.13254089,                 0,      -11.42000633
          0,           0,         421,      -11.61258825,      -10.69456493,      -11.14395252,                 0,       -11.4312709
          0,           0,         422,      -11.62401999,      -10.70581177,      -11.15537142,                 0,      -11.44254515
          0,           0,         423,      -11.63545779,      -10.71707021,      -11.16679749,                 0,      -11.45382904
          0,           0,         424,      -11.64690159,      -10.72834018,      -11.17823065,                 0,      -11.46512253
          0,           0,         425,      -11.65835133,      -10.73962163,       -11.1896708,                 0,      -11.47642558
          0,           0,         426,      -11.66980693,      -10.75091447,      -11.20111783,                 0,      -11.48773814
          0,           0,         427,      -11.68126833,      -10.76221862,      -11.21257166,                 0,      -11.49906013
          0,           0,         428,      -11.69273544,        -10.773534,      -11.22403217,                 0,      -11.51039152
          0,           0,         429,      -11.70420819,      -10.78486051,      -11.23549926,                 0,      -11.52173222
          0,           0,         430,      -11.71568648,      -10.79619806,      -11.24697282,                 0,      -11.53308215
          0,           0,         431,      -11.72717024,      -10.80754654,      -11.25845273,                 0,      -11.54444124
          0,           0,         432,      -11.73865937,      -10.81890584,      -11.26993889,                 0,       -11.5558094
          0,           0,         433,      -11.75015377,      -10.83027585,      -11.28143117,                 0,      -11.56718654
          0,           0,         434,      -11.76165334,      -10.84165644,      -11.29292946,                 0,      -11.57857256
          0,           0,         435,      -11.77315799,      -10.85304749,      -11.30443364,                 0,      -11.58996738
          0,           0,         436,      -11.78466761,      -10.86444886,      -11.31594358,                 0,      -11.60137086
          0,           0,         437,       -11.7961821,      -10.87586043,      -11.32745917,                 0,      -11.61278291
          0,           0,         438,      -11.80770133,      -10.88728206,      -11.33898027,                 0,      -11.62420343
          0,           0,         439,      -11.81922521,       -10.8987136,      -11.35050676,                 0,      -11.63563228
          0,           0,         440,      -11.83075361,      -10.91015489,       -11.3620385,                 0,      -11.64706934
          0,           0,         441,      -11.84228643,      -10.92160579,      -11.37357538,                 0,       -11.6585145
          0,           0,         442,      -11.85382354,      -10.93306615,      -11.38511726,                 0,      -11.66996764
          0,           0,         443,      -11.86536483,       -10.9445358,      -11.39666401,                 0,      -11.68142859
          0,           0,         444,      -11.87691017,      -10.95601458,      -11.40821548,                 0,      -11.69289724
          0,           0,         445,      -11.88845944,      -10.96750232,      -11.41977157,                 0,      -11.70437348
          0,           0,         446,      -11.90001252,      -10.97899886,      -11.43133211,                 0,      -11.71585712
          0,           0,         447,      -11.91156929,      -10.99050401,      -11.44289699,                 0,      -11.72734804
          0,           0,         448,      -11.92312962,      -11.00201761,      -11.45446607,                 0,       -11.7388461
          0,           0,         449,      -11.93469338,      -11.01353948,      -11.46603921,                 0,      -11.75035115
          0,           0,         450,      -11.94626044,      -11.02506942,      -11.47761625,                 0,      -11.76186301
          0,           0,         451,      -11.95783068,      -11.03660727,       -11.4891971,                 0,      -11.77338158
          0,           0,         452,      -11.96940398,      -11.04815283,      -11.50078159,                 0,      -11.78490667
          0,           0,         453,       -11.9809802,      -11.05970592,       -11.5123696,                 0,      -11.79643815
          0,           0,         454,      -11.99255922,      -11.07126635,      -11.52396099,                 0,      -11.80797585
          0,           0,         455,      -12.00414091,      -11.08283392,       -11.5355556,                 0,      -11.81951959
          0,           0,         456,      -12.01572514,      -11.09440844,      -11.54715332,                 0,      -11.83106923
          0,           0,         457,      -12.02731179,      -11.10598973,      -11.55875401,                 0,      -11.84262463
          0,           0,         458,      -12.03890073,      -11.11757757,      -11.57035753,                 0,      -11.85418558
          0,           0,         459,      -12.05049183,      -11.12917178,      -11.58196375,                 0,      -11.86575197
          0,           0,         460,      -12.06208497,      -11.14077216,      -11.59357252,                 0,      -11.87732359
          0,           0,         461,      -12.07368003,      -11.15237851,      -11.60518372,                 0,       -11.8889003
          0,           0,         462,      -12.08527688,      -11.16399062,      -11.61679721,                 0,      -11.90048194
          0,           0,         463,       -12.0968754,      -11.17560831,      -11.62841286,                 0,      -11.91206832
          0,           0,         464,      -12.10847548,      -11.18723136,      -11.64003054,                 0,       -11.9236593
          0,           0,         465,      -12.12007697,      -11.19885958,      -11.65165011,                 0,      -11.93525469
          0,           0,         466,      -12.13167979,      -11.21049278,      -11.66327146,                 0,      -11.94685436
          0,           0,         467,       -12.1432838,      -11.22213073,      -11.67489444,                 0,      -11.95845811
          0,           0,         468,      -12.15488889,      -11.23377325,      -11.68651894,                 0,      -11.97006578
          0,           0,         469,      -12.16649494,      -11.24542014,      -11.69814481,                 0,      -11.98167721
          0,           0,         470,      -12.17810185,       -11.2570712,      -11.70977195,                 0,      -11.99329224
          0,           0,         471,       -12.1897095,      -11.26872622,      -11.72140022,                 0,       -12.0049107
          0,           0,         472,      -12.20131779,      -11.28038501,       -11.7330295,                 0,      -12.01653241
          0,           0,         473,      -12.21292661,      -11.29204737,      -11.74465969,                 0,      -12.02815725
          0,           0,         474,      -12.22453585,       -11.3037131,      -11.75629064,                 0,      -12.03978502
          0,           0,         475,      -12.23614542,      -11.31538202,      -11.76792225,                 0,      -12.05141556
          0,           0,         476,      -12.24775521,      -11.32705392,      -11.77955442,                 0,      -12.06304874
          0,           0,         477,      -12.25936512,       -11.3387286,      -11.79118699,                 0,      -12.07468436
          0,           0,         478,      -12.27097506,       -11.3504059,       -11.8028199,                 0,       -12.0863223
          0,           0,         479,      -12.28258493,      -11.36208559,      -11.81445299,                 0,      -12.09796236
          0,           0,         480,      -12.29419465,      -11.37376752,       -11.8260862,                 0,      -12.10960445
          0,           0,         481,      -12.30580413,      -11.38545148,       -11.8377194,                 0,      -12.12124836
          0,           0,         482,      -12.31741326,      -11.39713728,      -11.84935248,                 0,      -12.13289394
          0,           0,         483,      -12.32902198,      -11.40882476,      -11.86098534,                 0,      -12.14454109
          0,           0,         484,      -12.34063019,      -11.42051372,      -11.87261789,                 0,      -12.15618957
          0,           0,         485,      -12.35223781,      -11.43220399,      -11.88425002,                 0,      -12.16783931
          0,           0,         486,      -12.36384478,       -11.4438954,      -11.89588165,                 0,      -12.17949015
          0,           0,         487,      -12.37545102,      -11.45558777,      -11.90751267,                 0,      -12.19114193
          0,           0,         488,      -12.38705644,      -11.46728092,        -11.919143,                 0,      -12.20279453
          0,           0,         489,      -12.39866099,       -11.4789747,      -11.93077253,                 0,      -12.21444778
          0,           0,         490,      -12.41026459,      -11.49066893,      -11.94240121,                 0,      -12.22610158
          0,           0,         491,      -12.42186718,      -11.50236346,      -11.95402893,                 0,      -12.23775578
          0,           0,         492,      -12.43346869,      -11.51405812,      -11.96565561,                 0,      -12.24941025
          0,           0,         493,      -12.44506907,      -11.52575275,      -11.97728116,                 0,      -12.26106485
          0,           0,         494,      -12.45666824,      -11.53744721,      -11.98890552,                 0,      -12.27271943
          0,           0,         495,      -12.46826617,      -11.54914134,      -12.00052862,                 0,      -12.28437393
          0,           0,         496,       -12.4798628,      -11.56083499,      -12.01215038,                 0,       -12.2960282
          0,           0,         497,      -12.49145808,      -11.57252802,      -12.02377072,                 0,      -12.30768209
          0,           0,         498,      -12.50305193,      -11.58422027,      -12.03538957,                 0,      -12.31933549
          0,           0,         499,      -12.51464435,      -11.59591163,      -12.04700689,                 0,       -12.3309883
          0,           0,         500,      -12.52623526,      -11.60760195,      -12.05862259,                 0,      -12.34264042
          0,           0,         501,      -12.53782464,      -11.61929111,      -12.07023663,                 0,      -12.35429169
          0,           0,         502,      -12.54941244,      -11.63097896,      -12.08184894,                 0,      -12.36594208
          0,           0,         503,      -12.56099862,      -11.64266539,      -12.09345946,                 0,      -12.37759141
          0,           0,         504,      -12.57258315,      -11.65435029,      -12.10506816,                 0,      -12.38923965
          0,           0,         505,      -12.58416601,      -11.66603352,      -12.11667498,                 0,      -12.40088668
          0,           0,         506,      -12.59574715,      -11.67771498,      -12.12827985,                 0,      -12.41253237
          0,           0,         507,      -12.60732653,      -11.68939455,      -12.13988272,                 0,      -12.42417658
          0,           0,         508,      -12.61890417,      -11.70107214,      -12.15148362,                 0,      -12.43581937
          0,           0,         509,         -12.63048,      -11.71274763,      -12.16308243,                 0,      -12.44746058
          0,           0,         510,      -12.64205401,      -11.72442093,      -12.17467914,                 0,      -12.45910007
          0,           0,         511,      -12.65362621,      -11.73609195,      -12.18627374,                 0,      -12.47073787
          0,           0,         512,      -12.66519652,      -11.74776056,       -12.1978661,                 0,       -12.4823737
          0,           0,         513,      -12.67676499,      -11.75942674,      -12.20945636,                 0,      -12.49400782
          0,           0,         514,      -12.68833154,      -11.77109033,       -12.2210443,                 0,      -12.50563974
          0,           0,         515,      -12.69989621,      -11.78275131,      -12.23263003,                 0,      -12.51726974
          0,           0,         516,      -12.71145898,      -11.79440957,       -12.2442135,                 0,      -12.52889764
          0,           0,         517,      -12.72301982,      -11.80606506,      -12.25579464,                 0,      -12.54052335
          0,           0,         518,      -12.73457874,      -11.81771769,      -12.26737347,                 0,      -12.55214681
          0,           0,         519,      -12.74613572,      -11.82936739,      -12.27894996,                 0,      -12.56376797
          0,           0,         520,      -12.75769077,      -11.84101411,      -12.29052408,                 0,      -12.57538675
          0,           0,         521,       -12.7692439,      -11.85265781,      -12.30209589,                 0,      -12.58700322
          0,           0,         522,      -12.78079506,      -11.86429839,      -12.31366526,                 0,      -12.59861716
          0,           0,         523,      -12.79234431,      -11.87593584,      -12.32523232,                 0,      -12.61022864
          0,           0,         524,      -12.80389161,      -11.88757009,      -12.33679691,                 0,      -12.62183757
          0,           0,         525,      -12.81543698,      -11.89920109,      -12.34835915,                 0,       -12.6334439
          0,           0,         526,      -12.82698043,      -11.91082883,      -12.35991899,                 0,      -12.64504763
          0,           0,         527,      -12.83852197,      -11.92245325,      -12.37147646,                 0,       -12.6566488
          0,           0,         528,      -12.85006159,      -11.93407432,       -12.3830315,                 0,      -12.66824719
          0,           0,         529,      -12.86159931,        -11.945692,      -12.39458415,                 0,      -12.67984288
          0,           0,         530,      -12.87313516,      -11.95730629,      -12.40613447,                 0,      -12.69143589
          0,           0,         531,      -12.88466911,      -11.96891714,      -12.41768233,                 0,      -12.70302609
          0,           0,         532,       -12.8962012,      -11.98052453,      -12.42922784,                 0,      -12.71461347
          0,           0,         533,      -12.90773148,      -11.99212848,      -12.44077107,                 0,      -12.72619827
          0,           0,         534,      -12.91925988,      -12.00372893,      -12.45231185,                 0,      -12.73778006
          0,           0,         535,      -12.93078647,      -12.01532588,      -12.46385033,                 0,        -12.749359
          0,           0,         536,      -12.94231129,      -12.02691935,      -12.47538656,                 0,      -12.76093528
          0,           0,         537,      -12.95383433,      -12.03850933,      -12.48692047,                 0,      -12.77250867
          0,           0,         538,      -12.96535561,      -12.05009579,      -12.49845207,                 0,       -12.7840792
          0,           0,         539,      -12.97687514,      -12.06167874,      -12.50998139,                 0,      -12.79564683
          0,           0,         540,      -12.98839294,      -12.07325818,      -12.52150851,                 0,       -12.8072116
          0,           0,         541,      -12.99990904,      -12.08483412,       -12.5330334,                 0,      -12.81877355
          0,           0,         542,      -13.01142351,      -12.09640661,      -12.54455615,                 0,      -12.83033275
